alpha,beta,gamma,theta,emotion
11.993428306022466,17.85235509506328,6.399355436586002,9.556722152333275,Sad
10.723471397657631,19.81883328094026,5.924633682912769,6.897628567342933,Relaxed
12.295377076201385,13.202864852361717,5.059630369920174,6.363602233155386,Sad
14.046059712816051,17.12593847338114,4.353063222294426,7.993251085178096,Relaxed
10.531693250553328,14.698714861756347,5.69822331361359,7.659630754950143,Relaxed
10.531726086101639,15.025749232470607,5.39348538542175,7.093543901345449,Relaxed
14.158425631014783,14.815212151522262,5.895193220027732,9.39277489491343,Sad
12.534869458305817,14.272018460640368,5.635171801681969,9.910610417141022,Happy
10.061051228130095,16.097043255889655,6.049552715319335,8.176813772583694,Happy
12.08512008717193,14.338099767177924,4.464764788439432,10.955060162110524,Sad
10.073164614375075,16.540913651559677,6.317394065634326,5.71662177173299,Happy
10.068540492859487,15.899523781101726,5.1975996046924,7.612681081440564,Happy
11.48392454313207,15.52210390626718,7.0752608726252655,6.56635535879439,Relaxed
7.173439510684404,14.184872675916804,4.310812181910432,4.26692676585388,Relaxed
7.5501643349739345,14.846457338863335,6.73596380316525,7.834638628314601,Sad
9.875424941518055,17.51078245165151,5.197910783462648,7.756504983233433,Sad
8.974337759331153,17.001834375248762,4.348581996385551,11.026899486484261,Happy
11.628494665190548,14.044889510402898,4.5161141659456785,9.261623369109556,Relaxed
9.183951848957578,16.19866461085845,4.67965269180568,5.95162635134159,Sad
8.175392597329417,17.502774246743577,5.424165946401916,11.708185132668376,Sad
13.931297537843108,12.661189437757256,5.5228354880355,10.442067391050706,Sad
10.548447399026928,17.08672038475987,4.426299996061421,9.164195406937232,Sad
11.135056409375848,14.674752482108307,4.975645407739017,7.547031802300336,Sad
8.150503627573087,17.14119733718632,7.142270358611864,6.081121526553041,Sad
9.911234550949635,14.473481686914965,6.727543170100711,7.255586447857894,Happy
11.221845179419732,12.390235798670961,5.4363236696740325,10.177497239408371,Relaxed
8.698012845155395,12.744915124233675,5.0380034781682,11.769172611869218,Relaxed
11.751396036691343,16.096169893322763,5.120031326718261,11.086487056544378,Sad
9.79872262016239,16.519445003442964,5.613517972730417,7.022301156427452,Relaxed
10.416612500413446,14.191366749791182,3.9772074348015947,5.760765133421978,Relaxed
9.796586775541206,17.27718491755475,4.742623462576655,8.281772493822407,Relaxed
14.704556369017876,12.67695987546208,3.3314159261224106,4.463121268874296,Sad
10.973005550524132,15.867840402705367,5.399223122605279,8.646335428369563,Sad
8.884578142088198,13.577967600475088,5.647195939702741,7.7047948274026625,Relaxed
12.645089824206378,14.696327784395681,4.516813537700626,7.067926996263515,Relaxed
8.558312700057956,16.094797342632827,6.573986763290033,4.810593865466409,Sad
11.417727190009511,14.279173269432095,3.774234336997659,9.027200213139434,Happy
7.080659752240448,15.23088891154035,3.53562511979018,6.934598320676177,Relaxed
8.343627902203139,18.01258561842888,5.224451818559972,5.6601663285794235,Happy
11.393722471738247,14.846216260953703,6.047098302612154,2.2554755734367014,Relaxed
12.476933159990821,17.671384224130282,6.6839276914578685,7.9449701898987275,Happy
11.34273656237994,13.740586290684764,4.54111573713106,11.544503193339487,Happy
10.76870343522352,17.059608355830566,6.078680833431296,11.32251842909574,Happy
10.397792608821423,18.8831372413158,4.961491530499293,7.0858074868274565,Sad
8.042956019265144,11.056710999745421,4.82737270005918,6.795575879276439,Happy
9.560311583210582,14.406209489059046,5.883659937486672,8.937548512150048,Happy
10.078722458080424,17.15414425436108,5.65232287841342,6.003229121623417,Happy
13.11424445243783,15.593909227914015,3.4236078430157506,8.603583799638931,Relaxed
11.687236579136922,16.742291746742616,6.476540349725896,9.53216055676938,Happy
7.473919689274532,14.79202962656836,6.380091354147451,10.453866447768615,Relaxed
11.648167938789591,16.1731795749458,4.374437298490471,7.799691847040094,Happy
10.229835439167367,15.68864552921584,5.395803533437409,7.592652499646068,Happy
9.646155999388082,18.335564123319614,5.494030186282739,6.244034826486878,Sad
12.223352577681736,16.508841686602427,5.260673765823907,6.34623929192028,Relaxed
13.061999044991902,16.675205324150404,4.44969484615458,7.547042216196947,Happy
12.862560238232398,15.176246067755065,4.328376632061948,8.734731013632356,Relaxed
9.321564953554724,15.024787551855013,4.974445929008555,9.827169252466499,Relaxed
10.38157524829757,15.134883624360759,6.172729019259364,6.39364209863931,Sad
11.662526862807129,16.788904284756594,5.543600154594432,10.985377137919043,Sad
12.951090254244718,15.158031038359475,4.629385667913894,7.457752797914862,Sad
10.04165152430942,16.579549713792826,5.771698710648344,7.957265411303128,Sad
10.628682046672365,20.15080159729088,2.1514573793699245,6.505576641704353,Sad
8.787330051987944,17.742249406863383,6.1487657003721035,3.151519479454117,Sad
8.607586751838658,15.347952935664317,3.2602862212219,9.768090792722099,Sad
12.625051644788396,18.40242784432789,4.637559058596868,9.473687794184867,Sad
13.712480057141645,15.183849253956897,3.880330105373856,7.437344885763573,Happy
10.855979756839332,11.923750929644292,3.705318524279094,8.133981434449744,Relaxed
13.007065795784047,13.983827378165191,6.16082678737852,9.0318784354082,Sad
11.723272050095268,12.25841615794829,4.5322987986881085,4.874908286226915,Sad
9.709760490789751,15.296973031917382,5.346503881730715,6.941894645307411,Relaxed
11.722791211016828,16.036836758379103,4.953079421120816,9.588529359243655,Happy
14.076073132931938,19.352874624550566,5.477040827223122,5.491421153661501,Relaxed
10.928347921780096,16.653854747528325,5.076821891060256,8.587115864333258,Relaxed
14.129287311628012,15.561798942382271,3.7170077758114304,5.28683639075319,Sad
5.760509791820511,17.658811162366977,5.99626681944714,8.932859964867053,Relaxed
12.643805008750448,11.57772938198423,4.506243416838688,7.9287170354050325,Relaxed
11.174094136476343,16.47122911621713,3.443418101340249,4.7697363681889815,Sad
10.401985299068265,17.541730387773935,4.571884839034087,10.329478708914342,Sad
11.183521553071005,13.042827508440316,6.50075979063431,6.530816846403901,Sad
7.024862170798214,18.287508086413858,5.850221742113493,6.379495125971238,Sad
10.560656224324976,16.67699281498883,4.6513478655921405,8.401138394461885,Relaxed
11.714225143023492,15.169424172198397,4.650742295681571,10.29727469885743,Relaxed
13.955788089483033,17.26556373221257,4.678364948782617,5.968356362043206,Happy
9.963459563452705,20.54138571560879,7.076747983560841,8.123359699695943,Happy
9.383012794213625,16.36373251011699,5.381935452231553,8.857633000661146,Relaxed
9.996485912830927,16.496441172600672,5.43004164719107,9.386211214526288,Happy
12.830804235404148,15.081278200919511,6.030283454031842,8.352883110554451,Relaxed
11.657502219319369,14.300311261070416,5.238789159026513,7.265944321833356,Happy
9.940479592465923,17.66067163308849,4.740957854179297,6.344819558702561,Sad
12.026534866226712,14.287832348182265,4.803650150915022,8.172287766092749,Happy
11.194155098696081,16.143132474438787,4.928398740585936,5.855721976028786,Sad
12.937289981065778,15.044685106469768,4.962777763490158,2.1572990330107853,Sad
9.595893812245295,16.957959651492782,5.72762954363698,8.873119608315335,Sad
10.344675706804464,16.667324210573895,5.051945885807299,9.80786968217239,Sad
10.215783693735684,18.0750798885158,5.73264007721558,3.274135128916323,Happy
8.072970103735763,14.979967202290506,4.919283419891418,5.9805385905801245,Relaxed
11.592240554129152,15.460250129413257,5.07863519031609,9.238308522010396,Sad
11.522110544359778,14.042472568435386,3.0017993154678924,12.114990939423397,Happy
11.010226913284923,15.111413479847776,5.916327674702481,8.041587415350817,Sad
10.530825733249706,16.754600986089706,5.346488475897993,6.543994117541731,Happy
8.169258515899172,17.513977233290703,5.998010109859652,7.63420711779032,Happy
10.158709354469282,14.155669351644748,2.1037446218063107,10.74975283829637,Happy
10.31457096694646,17.739211840211322,7.088374704780728,6.708071641750929,Relaxed
9.395445461556761,18.7112757176099,4.860410371844826,6.401615986699493,Happy
10.677428576667982,16.8268698064474,6.108182816737516,7.034512955635935,Happy
11.808101713629076,19.753591625116133,3.960094072874469,6.0933427834825755,Relaxed
14.77237180242106,14.452421601792853,5.61277390506257,8.245340631989592,Relaxed
11.349155625663679,13.510690593377166,3.9465844368263436,11.24935691693912,Happy
11.515100781445529,12.442559502191443,4.376231039304195,8.646158546232058,Relaxed
10.851108168467665,18.992088622978365,6.914031353866786,7.495292995747425,Sad
7.1624575694019175,17.308731312708115,4.809317599236653,7.416377462168912,Sad
10.946972249101567,15.88883065817909,5.217432873179723,4.873618382606686,Relaxed
11.120460419882052,16.559937252639642,5.8700677306887545,9.766219554294318,Relaxed
15.926484224970572,13.749021905403247,5.495681887972605,7.8443256059743955,Happy
10.615278070437755,20.891503959233653,5.150418905143576,7.639040172818749,Relaxed
11.603094684667225,16.258442363950454,5.3649610024662255,14.38621513568972,Happy
10.930576460589513,16.218789589209784,7.403415585238275,8.597505816731372,Sad
8.662643924760935,17.451533247797386,4.9423812029664145,6.496417899809631,Relaxed
13.285645629030041,16.962018463473427,5.201099046714967,7.147284807588913,Happy
12.503866065373549,16.447768048558263,6.050654396007612,10.29689141839351,Happy
12.582063894086094,14.419051089109375,6.105525932957984,8.22654082107553,Sad
9.181225090410521,16.94293671427199,6.187030305560381,5.123444043365266,Relaxed
13.805588621872198,19.764048992950066,5.638730222029185,9.838457869150407,Sad
8.196297874415439,18.690840092309955,3.8569950872695165,6.663711828922012,Happy
12.17371418760054,19.186373253278795,6.6334315323010955,11.74659555243509,Happy
15.380911251619956,14.97756864713763,3.853654606981312,10.160096131429297,Relaxed
9.018927349738624,14.020790359482838,5.3026354652390335,7.1053562086824975,Happy
9.867404540794457,15.748426159800704,4.245724149980642,10.562032723470226,Relaxed
11.199302730175283,16.111449824577388,4.935861653407008,8.135711021054806,Sad
9.993048691767601,18.188383036941897,5.32876241030348,9.705547350244439,Relaxed
7.898673137867735,12.615070740570362,5.3213572154502735,8.96946563458895,Relaxed
11.137125949612054,19.059100638921226,5.421920754235285,6.307286690018253,Happy
8.87539257254779,15.683984202842021,6.613711269058647,6.712900335365076,Happy
11.947184861270363,15.14623786010516,5.453534301513979,10.059921635162322,Relaxed
9.161151531532393,13.975791249479665,4.755843364709351,7.330449335786918,Happy
14.09986881003508,12.690286656268462,5.964087168288358,7.1927030735160065,Happy
9.433493415327526,17.64634116792383,6.18947048892464,6.0897548413012945,Happy
10.35587696758865,16.146635934376807,3.7723921848630075,8.847198131186921,Relaxed
12.62703443473934,13.420078200517892,5.597400069849858,12.12504983848629,Happy
8.53827136713209,13.409842455872768,5.701172742310899,5.864934171491454,Relaxed
11.45491986920826,15.328430601419743,4.702436496640008,8.048438913345516,Happy
13.614285508564857,19.338043050578786,6.37570681331162,10.824441110830858,Sad
7.785033530877545,15.48081729727279,4.849944412967473,7.84071721750857,Happy
11.36926771706461,12.993714093763788,5.125576453471543,8.904743592499468,Happy
11.519765588496847,15.50851387182811,4.82692817571613,5.875212943706241,Relaxed
12.56364574355462,15.45455286050466,5.015579047581467,8.856614194415297,Relaxed
8.526098578243836,10.606226714116858,3.9037249131047984,7.625711469990902,Happy
8.359086773831446,15.891410266964376,3.5599491174057056,9.971459991359726,Sad
12.043883131233795,15.538130939582643,6.594505063224972,10.374772103129501,Happy
11.593969346466372,17.392412729626837,4.153038651681673,13.179127284037229,Happy
11.500985700691754,19.69791218989069,4.008607650543693,9.15926634642715,Sad
11.692896418993952,18.253130059095515,2.846609886396285,8.651592633164332,Relaxed
9.639950556843019,15.462222618890339,4.361038252310498,8.388768603154672,Happy
11.464507394322007,13.78694818251666,3.6769102065925017,7.293667414378623,Relaxed
11.586144946597363,21.146719606499722,6.642015160136369,8.676967686923382,Relaxed
9.571297163947264,16.118436868028976,6.009817089342635,7.409197179721941,Sad
14.731549022289514,16.027858583825893,4.311849654822276,8.336921952539228,Sad
11.947665841823575,15.951749825779993,7.252435805344309,10.63519507121592,Relaxed
8.617393005594703,16.39616952153571,5.981765486991594,5.986914869440717,Happy
12.31310721726766,15.711279176152114,4.675168616491377,10.27975712225809,Relaxed
9.050636659545358,14.852675986239527,2.500594285126427,10.634230134679731,Happy
12.574169207484903,14.906282117519215,7.290942572590742,7.763862946017842,Happy
13.317191158014808,15.934493459568003,3.610427533236404,3.756290201982811,Sad
9.358635363296578,14.91315045773247,3.354601253043108,6.784356025811135,Happy
12.926752258488644,14.57430843464567,6.0225704320096405,10.593989093122218,Happy
11.825561853872996,16.212860455383794,7.439752406339273,7.954263875402236,Relaxed
12.64412031998898,15.49004556515829,6.384272818510518,6.001395535410179,Sad
14.793585965307894,19.007985977165376,5.56390912005236,6.990450157543565,Happy
10.509223767994259,10.698060383213976,5.594754341665286,9.681240053009105,Happy
9.492527671285021,18.183013703844924,5.853415558780307,9.093467136402758,Sad
9.220971140748954,18.49217038499526,5.758928589786765,7.522135801660611,Relaxed
9.368379430069123,11.853219535183701,5.281191423969376,7.266351176370625,Sad
10.845796581171792,15.314624811839302,5.104201103951876,7.216483701912356,Sad
11.682303949633289,15.257118268008417,4.937406872100477,6.155179631002995,Happy
11.553381598660039,13.184976610564357,4.246035411133324,11.230751378938884,Happy
12.654366498072047,14.44436662481825,4.719324923133226,7.35535906157732,Relaxed
11.026003783755813,13.778848309068342,3.3070431858046145,10.434317041650992,Happy
13.907068154314633,19.504540886847245,4.90166037320525,11.042632103844902,Happy
10.470686333524087,17.87135678629492,4.011408892849083,9.996621796295921,Sad
16.440338333179238,18.54311018998832,3.896410682784229,7.136759374563903,Happy
12.251334695530012,17.44334412808647,5.179894151153478,8.80746018067322,Relaxed
9.285684887167434,13.741896457565542,6.392002286344599,7.951608787218167,Sad
8.858215003877776,14.950959467440452,5.918316606002313,6.192596278539744,Relaxed
11.96494483048637,16.978749122455834,3.4294993963768228,8.648718563443206,Sad
10.553074429348298,13.555744382216108,4.010371863429662,5.641920417680395,Happy
12.428000988184184,17.425996860344775,5.940771187988216,10.375358776923127,Sad
11.94647524914709,15.51934920368373,4.017512606461691,7.070765405403214,Sad
10.854342174686254,15.250358384900805,4.775366850002976,8.402319311745678,Happy
9.30641256386319,17.421919936406983,5.550052099024552,8.566575743092285,Happy
7.970305550628271,16.88852662297208,4.031655545136365,7.482190052591846,Relaxed
10.106970095865957,15.27806766836184,5.10537550614596,9.17338760295055,Relaxed
12.712797588646945,18.318659606728495,3.6659745050817953,7.050192686754951,Happy
11.428187488260408,13.837873344800204,4.398632356048786,9.742594594914488,Happy
8.508522442576023,17.231871213888528,5.3197819341425365,5.308040639506503,Happy
11.346361851702364,17.186202515936767,3.407006266468331,8.252759159092824,Sad
11.770634759457673,15.380907121372019,5.440474737960399,11.87785799811657,Sad
9.232285127597734,16.652266044484236,4.980362201073318,5.999337350788851,Sad
11.307450211891055,13.497772847229394,5.5524899544171475,6.6445100589502974,Happy
11.116417436892,17.848054038413803,5.223914134064661,9.02781569931783,Relaxed
8.714059404338753,15.630195727114021,6.364140429973844,8.359163563879196,Happy
11.715574720696566,14.95455395896192,5.1252245026479075,8.701260198547118,Sad
12.121569052736469,18.098018451673777,4.570594458874747,8.978374260295327,Sad
13.166102486350553,14.59131261891448,5.122297503032284,9.26944293712354,Happy
13.107604104069805,13.183077407272881,5.543298029036388,10.219399683912446,Happy
8.244661264085817,12.886741652952193,5.048860070325705,8.819637313857026,Sad
9.124349920169754,17.212019902691278,5.040591691203883,7.517484690762915,Sad
12.03007053441732,13.439141295007435,4.298008312193245,9.345147402405463,Sad
12.027571901824418,19.509588363968728,4.337099082449052,11.799763869790432,Happy
12.030095372612095,11.836141184232556,3.5973947282003067,7.7347325072348525,Sad
18.70546298130944,19.392912736580076,6.749576743186939,6.050941390658717,Sad
12.141781021386334,16.422034934405236,3.7561367646087147,10.214161338573945,Relaxed
13.271131280361198,15.806573776259215,4.307094802204093,7.759237672092803,Happy
12.908003526986406,14.910161826382101,4.281592734430802,3.6546609079719277,Relaxed
12.302782502611596,16.798272228704143,5.8949243769444415,9.694843354300843,Relaxed
10.369461510719308,15.924730595150303,4.705050321707972,6.9293436280921545,Sad
12.517938440986535,18.206603764033044,6.247742072673734,7.818933435391679,Happy
9.454349570924856,16.22845529732408,4.326509375756132,8.663960661138029,Sad
10.526362786519982,16.300603522923755,5.278994162223802,8.380999359558134,Happy
10.029272904341793,15.272775575572288,4.164652946740243,9.41890363427808,Relaxed
11.163748278772646,15.886108752557865,7.145149127773388,7.129027258860313,Happy
15.629317133347017,16.615603537784118,3.812401580970487,9.026211596352166,Sad
7.265469614816504,12.579663214686748,5.309820710227028,7.4809066448321655,Sad
12.372520380749027,13.303629155788574,5.633776880932098,9.477620961775006,Sad
7.774568257620697,17.48652818804543,5.4137990974514985,9.230734968026107,Happy
10.056136268421133,16.341730876255884,4.814712341122291,6.129122595910809,Relaxed
13.177901193934732,15.632033327294641,4.870179300266574,10.171964232350064,Relaxed
11.128560038190926,16.036867866130788,5.04381147197911,6.928073109771904,Happy
8.844510444141388,16.695163410723342,4.852997998371511,9.61611559656229,Sad
9.569392581480063,14.920480639381276,5.96387911679491,8.734574626802681,Relaxed
12.35919549786935,14.443390549195374,7.210523001591351,11.676367353590244,Sad
9.539266736565727,16.391690510195364,4.442508214992166,7.553068035256295,Happy
11.43291717916395,14.043254444769936,3.630197020420922,7.301366407763605,Sad
11.091143679807628,16.816505511428943,4.911717951648745,7.961160788224535,Relaxed
9.696799304788366,12.594832791524318,7.579709337654318,7.3936404343314495,Relaxed
15.28788817865065,18.058311274651288,4.196325432030269,9.5998838038841,Sad
12.267838044636022,16.945194964826086,6.6391168054440675,4.767378783126825,Happy
6.949714826684786,16.51205946862775,6.677700814076441,5.892635161707291,Sad
11.372908629538856,17.965381967891027,4.4464117582920055,5.864394156841614,Happy
9.676427070463223,19.330948888925153,5.5689830791852755,9.900615183947151,Sad
12.704866669592448,18.02874013003626,6.628396623128538,11.42122674516385,Relaxed
9.4149585231346,12.31825153733671,4.620872259012513,7.791101562925057,Happy
10.770527117066202,13.440846066528596,4.796419639897638,7.662356553619979,Happy
12.009974557960915,14.750362844608642,4.418319086051357,8.140104326226362,Happy
12.731510388340244,16.052182100421668,3.985243269307133,10.323756605216381,Relaxed
8.599407185888447,17.035318040938247,4.350722454933993,6.145293731618851,Sad
10.330997528318104,14.548512373693068,3.7760597332377435,8.476737965469571,Relaxed
10.050109377678087,16.373533528954155,5.034083468259226,9.950395259564859,Happy
9.693341534852577,14.489234135293355,4.230026768941358,9.002188339879691,Sad
14.530908480562193,14.776964394016103,5.233785911790748,8.379163233197486,Relaxed
11.80996342192191,13.186677806303555,3.444104353796373,10.002092185134282,Happy
8.47823209132991,14.153533507778192,5.330880232214457,2.5935354140015257,Happy
12.835723894109552,13.296630788767333,5.833528961608924,9.355750639061815,Relaxed
15.244312394025266,14.048253494045335,3.0062643574285444,6.691848633745153,Relaxed
13.064930521102294,18.10728359321568,5.374056569847572,4.338734206287086,Relaxed
7.961260068091973,14.101202222336115,6.227668992473292,9.022405199049961,Happy
10.031531854267497,21.26476412967478,3.7903589813087946,10.747317090325915,Relaxed
13.533822298373245,16.98663580176178,6.672572386837704,7.725102970744616,Happy
9.584661068762438,16.369672247389747,5.419019009366045,9.905749094405877,Relaxed
11.887638856292456,14.283284439637573,4.294988144241591,11.22455651597729,Happy
12.549268106858673,17.40061975881798,4.944230922342294,10.629828907168095,Happy
9.146139056843834,14.848724347524453,5.558326912521722,11.279929058742786,Sad
10.8809492878764,16.244019629290722,5.076005391412411,9.484254982143785,Relaxed
4.517465319861855,21.12016907653759,5.538755992446369,8.150867277803185,Relaxed
8.95122471733142,15.8078802005507,4.079326406920634,4.796068376205663,Happy
10.49486369721368,18.298546652571353,5.169360824036078,7.507875023740103,Happy
8.504433636070301,14.593647149748225,3.58628550309502,6.313506809367617,Happy
14.26482260786327,15.930023019006077,4.888773938651299,12.341885434995628,Sad
8.139717244078735,19.54160127127102,4.09609235853521,7.648228375135327,Sad
10.119911026606033,14.746065884424466,4.264470057410233,8.246409613568972,Happy
11.261481154572182,19.624897115993857,6.236093175210438,9.102970752080935,Relaxed
13.882546578132231,17.41550387091095,6.091310120594269,8.087204892744907,Relaxed
8.128275697641122,14.875066448211465,5.609138120907177,11.390102080861507,Sad
13.32632750430992,17.264815478111043,3.907687235327421,6.754701276531096,Sad
11.020466122039174,17.94510889925346,4.683591550305198,8.389214910474486,Happy
9.036982697904097,17.24361992443439,6.213097699979183,6.5150588286039035,Relaxed
11.92420694852654,12.859550560219088,5.141716913639905,5.359954977558589,Happy
11.39811939114694,14.545725648350263,7.319329539981695,6.776461818189429,Sad
9.79956624568241,15.50496272889699,5.3933178393943715,7.9259264059031755,Relaxed
11.139604169980037,15.851133141799908,5.192049116490032,7.1413955509654805,Relaxed
10.22937280627648,17.241344195101355,4.690883535797498,6.615158040252288,Sad
11.227034690502496,16.35540200186651,5.133540904782282,5.187365072656332,Happy
12.324261349042093,13.329311282579798,4.8475301636194565,7.83378885474261,Happy
14.172033632290704,16.760395702011927,5.708108676688591,4.990559251937995,Relaxed
8.524369002346301,17.221171490567645,5.956702316794584,9.520111927379205,Sad
15.266066749312532,17.11958089586208,4.21401053949205,8.164879505869006,Relaxed
7.095824400954996,18.161561451109243,3.668767046442222,5.084897001070139,Sad
10.696429809928834,17.66784430909781,3.1637946268967037,7.381581845900273,Happy
12.176634412969154,16.918360158456874,5.507991326912544,6.495687188818834,Sad
11.561983735470065,15.859668577082706,3.8966333938261264,8.63834902083836,Happy
9.754600960358813,12.678078132968018,2.847109407047517,10.680900892046289,Sad
10.58375549928545,16.85923643826517,5.388578604530964,4.249655060708511,Relaxed
10.013998130682335,16.41537537432622,7.492999517432791,8.230052158294834,Happy
9.821270486111576,16.54315767439075,4.993929088460106,7.679734408866719,Relaxed
12.69920419404205,13.446502848359382,5.838490774451642,9.34268015290093,Relaxed
11.714030971930095,13.837886919183475,5.081829358547565,8.426393256475379,Happy
9.614180809478691,18.106305706665808,4.901110346808857,6.496061336522362,Happy
12.799199750866501,15.92088969228669,5.9190764829877685,7.361892128666764,Relaxed
11.614599041753218,17.36300139474525,4.709725455811348,6.407948286393022,Relaxed
12.62572423767792,16.05663675226092,5.267392314071903,10.152014277197196,Relaxed
12.259257683847224,16.05951227899149,5.321697806196013,8.042623297343884,Relaxed
9.342009978155856,17.876567611951995,4.331909546356951,11.802381371506016,Happy
9.879637919606061,14.967910543565253,5.992042349536523,7.878678372370758,Happy
12.494587210246523,16.192241553881967,4.825040243304591,6.583186466179074,Relaxed
12.22074053086693,15.075449422589916,4.244254840507155,4.972571214774346,Sad
10.958196812071703,15.131007545135368,5.536509843570403,4.393720647488109,Sad
11.234654766617563,15.381655753062722,4.101532018208963,4.831728113989021,Happy
13.555329791576849,16.444267543267426,5.028181157369128,8.534253302022966,Relaxed
9.81685722232834,15.042502756673045,4.990881003355796,9.017450046459867,Relaxed
12.094194762340075,18.511512251147042,6.085895565831578,4.837618595935734,Happy
10.595614695132213,14.210785395560992,5.474698232879953,9.790076628152232,Sad
10.564637593545559,15.626256711677282,4.974973041254856,7.033877896633121,Sad
13.19755370397438,15.12053788345165,5.817766299200287,8.293586023971098,Sad
12.65083269797606,18.893955768707464,6.390207549017314,11.224441256510849,Happy
12.627019272001277,16.393109553023148,5.557810306351862,9.793678631731064,Sad
13.610957614308658,18.06368907893727,5.01035261984338,7.4629387041883355,Happy
11.042007683265519,13.028879253926057,3.6881637676498404,6.217615549169425,Happy
12.363905942589927,16.534100531738517,3.9348863369246274,3.69636919734139,Relaxed
10.379466486813088,17.779261591246875,4.694775295645332,6.56169336151516,Sad
11.648332704976884,16.16456797855085,4.390487797840716,7.577739522344611,Happy
10.73971389126463,18.130960750130704,4.813028697014554,6.025640945697632,Sad
11.193991929985437,14.965423099799256,5.0566499248971075,7.737486065815391,Sad
12.190314050873827,18.81869488037116,5.529692754356731,8.153703765917536,Relaxed
9.363558633533055,20.5977962472385,4.9295012219409085,7.550288036383843,Sad
15.184774551370921,15.274322879120682,5.486501643826202,6.6999948383530805,Relaxed
8.987965237000596,15.108994957198457,5.06447441481012,8.337309343933455,Happy
8.571622774424537,18.906768954235403,3.0245334336461287,8.883881299138817,Sad
13.316221747000135,19.159144291461423,4.060664606181246,5.819201845114308,Happy
12.583325387925871,14.954279945693463,4.855912444278385,10.82186475949254,Sad
12.24823963410431,15.159626365808286,3.7903052571588924,7.802823735431477,Happy
12.25669101852856,15.436430782278986,5.599928729996204,8.037699245889696,Sad
10.97550645430617,13.311098977931445,6.530750832343697,9.416428846513114,Sad
9.205491257028337,14.162696107031604,6.218761851697317,8.466432262527004,Sad
11.151609116387453,13.991718466495865,4.786557129069792,9.90627326782649,Sad
9.645676576975777,14.464404869791743,6.490726136849952,8.574248330403648,Sad
12.950239466835502,15.930630225226437,5.148667457202111,6.775125250719125,Sad
10.705885236995723,16.46842946507304,4.662914028881961,8.723007050412203,Sad
9.349005606414977,19.101000985628154,4.38659733645906,5.712547585358676,Sad
10.357228316694012,14.003291918522418,4.697530313511872,8.217119411553046,Sad
11.82586290855125,17.968644796953168,4.611823181458771,7.933540018711079,Happy
9.87255089439205,15.572022311548983,5.170416222375488,7.583766285454921,Relaxed
9.355559208867136,15.901072580695134,5.160573981049865,7.742924977122138,Sad
11.487374422983825,17.349638984333208,5.003046020153414,4.236301909004721,Relaxed
11.489933142217446,13.754555956875404,5.43693816974635,6.902550184518077,Sad
9.98611364925774,16.7648194923681,6.190646274786341,8.18568980228223,Sad
10.057923388763355,16.33290441642611,5.949554135441324,8.3197127839948,Happy
11.464099874715272,16.9849025280163,3.5151020315500965,5.944649718148083,Happy
8.103831317005351,16.578337287815636,2.446078865098045,10.531415681729401,Relaxed
8.185072451246889,20.91060027982179,5.934319911239274,6.267650303570998,Happy
9.563111557495128,14.724520031497368,3.6331213015845787,9.938914401053474,Happy
10.573105696576306,14.938006089996364,4.775234598107317,8.85438872374337,Relaxed
11.621815131196009,14.753718947150471,3.8298869739406403,6.707545380312394,Happy
13.950712433899104,14.88904576167949,3.1980195624199803,11.550621785219024,Sad
12.71531924640404,14.725225745386965,5.541462728204788,5.6127263364870394,Relaxed
10.680122940073145,18.378033062215103,5.7591551603026465,9.838308347220003,Relaxed
10.961967584194623,18.84100849597971,4.423489599273281,10.001164636085957,Sad
8.994941270724382,14.858507412501048,2.40895770785509,6.65875958184671,Happy
10.96297372801522,14.335288853791543,4.453755551747517,10.784930600128657,Relaxed
10.422682722159724,16.942831112772808,5.3918040054025465,7.499906970802094,Relaxed
11.64543712067618,14.895553911438057,3.5210884312258712,8.577387258559714,Sad
9.345538112895355,17.26586363551102,5.183359919779155,8.520643677542441,Sad
12.038693028482344,16.4058460417026,4.984690150827005,7.731382517058904,Happy
14.065477826005155,12.968511770005536,5.579291499601088,9.621616546319565,Relaxed
10.782479703086285,19.095010402660122,5.119580368414153,9.586977441104427,Happy
11.803423444197882,19.591755346191043,4.026931059118445,4.502936053523639,Happy
12.380287983422225,14.774422619031228,6.196571501664492,10.608680485756306,Sad
10.197559056228327,15.224596880128031,4.84147042697303,4.675016023928651,Relaxed
11.448184963620834,16.57173078144981,4.972695460490068,10.065092408683315,Relaxed
11.02518480156359,16.66891357997405,4.066732040926804,10.253410273655167,Relaxed
11.195352197097664,17.317088545345662,4.55671774880849,5.818067139569603,Sad
9.453980432289066,20.020409077532697,4.115197285973099,7.17837142409083,Sad
11.049020348517885,15.6461055450119,4.827053940076577,5.7885906630281285,Sad
11.9959965824909,14.403405510923093,6.7117084801423434,7.570157939422529,Sad
13.902287215590084,13.241361543970946,3.6280988570686437,7.383931431628517,Sad
12.918541652170413,14.538139920116162,3.386438602123259,9.559321064538679,Relaxed
15.306364915023114,15.933746054252406,6.471170327493608,10.620617492239216,Happy
9.4653048742239,19.589115727035576,4.7906763228481335,10.791367621579912,Relaxed
12.744641273441356,14.964777401927657,4.330927261340084,6.875663946843396,Happy
11.366684011476703,16.447575903277798,6.039904687396076,7.581556252510945,Sad
15.379605866435345,15.967154207854495,4.394384460263136,4.6331236155581,Happy
9.383403429289697,18.376786546896167,6.826009713546936,6.388259867007623,Relaxed
9.320556315638449,21.053864851747242,5.677925871339269,9.929703266194915,Relaxed
9.801214709111957,14.938262454159359,4.5120885918542974,11.231165647096464,Happy
6.752208551380386,15.021121114963556,7.1573082132655035,5.531302256240156,Sad
9.948489956638477,18.088321754138143,4.3942850769966615,6.815071481694211,Sad
9.481734676892604,17.363782979252623,5.742095372009307,7.947188486082146,Relaxed
11.300787572952416,19.693414651472068,5.299292580406492,8.560322317639214,Happy
11.683511951554319,17.16785637065193,6.301741289398798,6.3807929601567075,Sad
14.752341678431772,15.28141581842588,6.561511196726853,8.848122088928179,Sad
12.9008476763721,17.181309661384617,5.0320041490657665,7.052321305858168,Relaxed
9.846192688675194,18.217407161165816,4.246582129653817,7.9710954582434415,Sad
9.203170657303284,17.64096436239473,5.459972142939116,9.092568496007399,Happy
11.983838343013012,17.014548062214594,4.322284630247894,8.012844539621875,Relaxed
8.359533585958715,18.13334937917831,7.013387247526623,7.127228218946863,Relaxed
14.662917531708707,18.338591180891346,5.1365353310827375,7.780780392148339,Happy
13.358880241442574,18.764317982075056,4.634678448687891,7.82327408158933,Relaxed
10.061648695790591,17.297419775179286,5.184680305864909,7.2599779402357445,Sad
7.573730941818245,15.665763839366292,3.6528737104703035,7.482407874665795,Sad
13.707744748330825,16.293427372866645,4.028385961489349,11.197294341009433,Happy
10.770920309494764,18.413017933016715,6.200413907944426,9.121838895882478,Sad
13.475632623946924,14.366128658025527,4.343105721028604,7.409039363941679,Happy
7.811144682411266,16.737346617745803,3.95308901731806,9.393908809021472,Happy
9.801249954092455,15.213322375345278,5.536652752527286,7.33236102048798,Sad
11.010487399436366,16.057489645869634,6.1857041546629965,10.346249275173282,Happy
11.093961187529484,18.556903725214596,5.718953310665067,8.739284384396187,Sad
10.099869057041513,16.382198136039808,5.9960476858058165,7.7853957119915425,Relaxed
12.245699864694998,16.092873096312296,4.2432049114305395,8.895433851620556,Relaxed
8.864759141234812,13.280287718040162,3.5781893332581562,4.858247695863001,Happy
10.715241029957413,17.492507132054442,6.501333651955487,5.746465062180389,Sad
11.240591263423799,17.29096836228215,4.677320161157864,5.612149987201889,Sad
12.028877668117499,20.32650944661092,4.749166983544953,8.285886189527414,Relaxed
12.42322975617778,15.384443530093998,6.328194141849058,11.465029998970184,Relaxed
8.750715816324261,16.43830065532788,5.55623000940066,12.462600292385265,Sad
7.931771658528755,16.49876736742151,5.455887772081607,9.276102202881514,Happy
13.555353643797018,19.15490655952695,7.165002344901084,9.001688949888914,Relaxed
11.664628023959184,15.809408935226095,4.356481769619857,4.3978845316945225,Happy
9.503026926886893,16.55804305154068,5.927840128081237,6.914652400531956,Happy
14.102303951045046,17.21579301943308,5.057013124897084,6.424432496183522,Relaxed
11.231349268585717,16.373218246312717,5.268592278863257,6.758304803497768,Happy
13.358594368127653,15.107132770898943,6.528468426412532,7.663712362830421,Happy
11.135036962820218,16.388179985796615,5.507835756289624,7.055818844605746,Sad
15.121495849763974,18.147263499719543,5.538296079049633,4.041400379248424,Happy
14.510681684886409,13.94696940117788,6.072507337309802,9.495820512235067,Sad
10.502071703041853,16.265939348293752,4.635047270457115,5.8545139485203865,Relaxed
12.94314190190871,14.599758370121654,4.160790332660993,8.478493728222299,Relaxed
12.290751899170296,18.390093257849685,3.955190805978966,12.148165339499947,Sad
13.737263115064698,12.95362619043245,3.0336434106239984,6.161230816827153,Relaxed
9.070153078839791,14.882156305456823,7.056207129940322,2.9394249545073405,Happy
12.372102919996879,16.754423750129043,3.896791634278317,7.427991556239778,Happy
13.116848973699176,19.131048058468682,4.778746376414228,10.201919269997141,Happy
7.482521027153771,15.868499477854025,4.723186700111079,11.916694908441187,Relaxed
8.63348297466845,14.889600946613603,5.307406697809101,5.540900811095167,Happy
6.921535644479799,19.76231413888118,5.815737212539297,8.993398446473044,Relaxed
10.461186331110884,13.103972199167512,5.860473488359745,7.069379086439893,Happy
12.435084511591924,11.602388086759836,4.416922561431061,7.788103291391729,Sad
14.004714104192056,16.880028900106666,4.832878286213589,13.28868669403407,Relaxed
11.148189560839551,14.995891551294777,5.2825799504883,4.994059343209694,Relaxed
14.257231091142584,13.957534365738574,4.751308873816453,8.507479322989147,Happy
8.239797083570217,17.416712894598707,6.607345576019993,8.935386343530867,Relaxed
7.593235121289691,16.487601427542398,5.490974951638251,10.171572649878694,Relaxed
10.888904602206763,14.871842738526544,5.734877786049817,8.195966306941791,Sad
11.768130897878615,13.43939120265821,5.662881268667412,8.616101079008205,Sad
10.934610503811815,17.74491465656029,6.173473857485325,7.216702865156417,Happy
6.865115799920247,17.30040235591732,5.181021558703707,8.538253882490215,Sad
10.821759920974424,15.801648272441234,3.7031680520441537,7.313615449005179,Happy
8.391060998990294,19.69327399209533,5.399687951752641,9.243143779712101,Happy
12.339345097660077,13.859830467347695,4.348643106208171,7.260779327912732,Happy
11.733196492193697,12.948949658150521,4.471383318250243,8.754200787804374,Relaxed
9.120240427345289,14.616183860237511,5.586364018755093,7.941474372630044,Sad
9.972266165326612,15.908827967289005,6.238283071433636,10.252100501544337,Happy
8.881572956222097,16.486678898645383,5.021271576736062,7.897212552823028,Sad
10.874641805453656,15.51752788428734,5.308833012598964,4.453935063586237,Happy
12.910284641002477,16.704110793028594,6.702214944635238,10.523843001427984,Sad
9.028547907328912,13.496921151619112,5.240753179488569,6.188535398274762,Sad
12.008093031035688,18.887529208146518,7.601683114180394,6.6924673227023606,Happy
9.939484763255118,15.835697643214862,5.565509645631544,6.808677411913016,Relaxed
9.414254335475311,18.234591663176253,3.239237240844182,10.748876186341635,Sad
10.785939280090885,16.68545069275541,5.753341621104532,3.728651572042609,Relaxed
8.929515355161252,16.913506438307568,5.381158384882777,14.275497067319987,Relaxed
9.892701389305635,17.13953456046441,6.289752754082746,10.112113618132103,Happy
8.604244214822304,16.89541712003463,5.6731813512699585,8.446477828258319,Happy
14.929450265832779,17.285445519735088,4.861544016016226,7.890211998767427,Happy
11.070527103943457,18.658305060264862,3.775701763710634,8.571108149715315,Sad
9.600548984014829,16.39304233940294,4.7909767427139744,9.042244856758677,Happy
11.427959821468445,17.418007515177024,4.1494795457907,9.290431171900114,Happy
10.77534390061834,15.820528611425546,4.419476550195277,9.111208932006896,Sad
10.558060800933553,18.880234430898945,5.58857840442061,8.179161362510497,Sad
12.22833340008685,14.64721539588146,6.669904504351406,7.605323159385348,Happy
12.51501542009461,19.60188086582163,5.394671529822981,7.697453432692977,Happy
9.938997704778945,15.919684098711313,3.8041169379648156,7.610183439294638,Happy
9.84836351871064,13.138449795763904,5.44460266822014,10.26754019373413,Happy
10.449896605696711,16.256208829821578,6.196631486645651,9.187113444561724,Relaxed
6.39615767052883,14.637896685050238,4.390217095680618,2.1192227306714395,Relaxed
7.9696178756028955,17.68128709797745,4.865982833327083,9.311801553059523,Happy
13.733748534889049,14.694752041395219,5.014688194729197,8.38947238943755,Relaxed
14.289935427002568,15.10763313357044,4.21510168691776,7.962582487108206,Sad
10.501927920887244,12.220918538108938,5.648280433843859,7.222963093822228,Relaxed
12.153113926111534,15.095387361501846,4.8790518513922185,10.248225439972027,Relaxed
11.622500309087073,11.152241346742088,5.419532443907028,9.895052924245716,Happy
17.157761616910477,12.832194353028553,4.1125078221979,6.454244664352782,Relaxed
13.239149822869154,17.520829312288594,4.56254169967659,8.81410457424907,Relaxed
10.744164817038467,17.571600317301666,5.722381357827771,6.056686530917428,Relaxed
9.088919118799149,16.85091512356993,4.627166847908233,5.2407636704221385,Relaxed
7.787107359484855,14.066047713741574,6.726963851233405,6.74656555082007,Sad
11.406927271734446,15.904577287716041,4.600363814385398,9.724786944765517,Happy
9.487298509431394,15.992794921818863,5.224684725751886,9.906250090752174,Happy
8.155492580804651,13.683270621614914,5.93259083187309,9.026170840194586,Sad
9.706854231514948,19.0067966035343,3.5816342670669683,9.450191573695994,Relaxed
8.83690399277121,17.754724581151343,3.239191188019224,9.032356574229917,Sad
14.37428327014513,15.558071652340672,3.474343685429905,6.717036809554095,Relaxed
12.763279513898901,16.05377167798906,6.262584103427182,8.863845089347882,Sad
10.984054717366766,16.416765615895105,4.448141854107553,9.600819050455364,Happy
13.959888277780053,11.916530263151419,7.558199285668252,9.508582659627148,Happy
11.154736615295237,15.505645234958806,4.4357524013426115,10.377826742949285,Happy
9.277431597343472,14.636031504004404,5.184551303197037,9.416607694402128,Relaxed
14.046248154539315,13.996759980210168,6.542109952567875,8.702896415083165,Relaxed
12.077820087369318,15.43779941422809,7.006092888159123,10.140300476632856,Sad
8.925507691347088,19.595373053699046,7.061503576636397,7.9469574815018795,Sad
10.619322643832783,17.28168572253402,6.208366230593143,6.236250697544564,Happy
9.248763493230486,14.857642020434406,6.024062525811463,7.673866072112472,Relaxed
8.234400538071327,17.145165562712318,5.592526949201183,6.510194710387102,Sad
